prompt,beam,nucleus,bert_pref,margin
"Once upon a time, there was a little robot who wanted to learn about feelings.","One day, the robot decided to go on an adventure. He asked his mom if he could go on an adventure. His mom said yes, and they set off on a journey.

When they arrived at the robot's house, the robot was very excited. He asked his mom if he could go. His mom said yes, but he had to be careful.

When they arrived","So, he asked his friend for help. The robot said he could fix things.

The robot was very excited and said yes. He used the robot to fix things. He fixed the robot's robot's robot was very happy.

After a few days, the robot started working again. He fixed the robot's robot's work. The robot was so happy!

The robot",beam,0.4668
A young fox found a shiny key near the river.,"He was so excited that he decided to take it home with him.

When he got home, he put the key in his pocket and went home. He was so happy to have found the key. He put the key in his pocket and went home.

When he got home, he showed his mom the key. His mom was so proud of him for finding the key. She","The fox was very excited and wanted to open it, so he tried to open it. But it was too hard for him. He tried and tried, but the fox was too strong. He could not get it. He was sad and started to cry.

Just then, a wise old owl came by. He saw the fox and said, ""I need help. I will help you",nucleus,-0.3937
"In a small village, a boy discovered a door that only opened at midnight.","The boy was scared, but he knew he had to be brave. He decided to go back home and tell his parents about his adventure.Once upon a time, there was a little girl named Lily. She loved to play outside in the sunshine. One day, she went to the park with her mom and dad. They saw a big tree with lots of leaves.","The little boy was so excited and wanted to be the king. He asked his dad, ""Can I go on a journey?""

His dad said, ""Yes, but be careful and don't go too far.""

The king looked around and saw a little boy. He asked, ""What's wrong?""

The king answered, ""My Majesty, he is here",nucleus,-1.3920
A turtle wished it could fly above the sea.,"But it was too late. The turtle had already flown away.

The turtle was sad. He wanted to help the turtle, so he asked the turtle if he could help. The turtle said yes.

The turtle was so happy. He thanked the turtle for helping him. From that day on, the turtle and the turtle became good friends.Once upon a time, there was a","He wished he had never been so excited. He wished he could fly like a bird.

But then he saw something he hadn't seen before. It was a big, shiny pearl! He was so happy! He swam up to the sky and saw the star. It was so beautiful and beautiful.

The bird flew down to the sky and saw the bright star. It flew",beam,0.8557
A curious mouse built a telescope to see the stars.,"The mouse was very happy and thanked the mouse for his help. From that day on, the mouse and the mouse became good friends and played together every day.Once upon a time, there was a little girl named Lily. She loved to play with her toys and run around outside. One day, Lily's mommy told her they were going on a trip to the beach. Lily was so excited","He was very happy to see them. They are amazed at how big the rocket was.

He showed them how to use the telescope to make things fly. He showed them how to use them. He showed them how to make shapes and pictures.

The astronaut showed them how to use the telescope. He showed them how to use the telescope to make the planets. He showed them how",beam,0.7624
Lila planted a seed that grew faster than anything she had ever seen.,"One day, she decided to plant some seeds in her garden. She watered them every day and waited for it to grow.

Soon, the plant grew bigger and bigger. It grew bigger and bigger and bigger. Lila was so happy and proud of her plant. She showed it to her mom and dad.

""Look, Lila, I have a plant!"" Lila said","The seed was very sad. She wanted to get it for her mommy.

""Mommy, can you help me grow?"" Lila asked.

""Of course, Lila. You can have a seed, but you have to be patient and listen to your mommy. And you have to grow and be patient,"" her mommy said.

Lila thought for",nucleus,-1.4794
A snowflake wondered what summer felt like.,"""Maybe it is a snowflake,"" Lily said.

""Maybe it is a snowflake,"" Ben said. ""Maybe it is a snowflake.""

They ran to the snowflake and tried to make it. But the snowflake was too big and too heavy.

""Maybe we can make a snowflake,"" Lily said. ""Maybe we can make a snow","She decided to go and see what was on the ground. She picked up a white blanket and wrapped it around her neck. She looked at the snowflake and smiled. She reached for the snowflake to wear.

""That's a wonderful snowflake,"" she said. ""It's so bright and it's so pretty.""

The snowflake smiled and hugged her. ""You're",nucleus,-0.5765
A tiny dragon sneezed and made sparks of fire.,"""Oh no, what happened?"" Lily asked.

""I'm sorry, sweetie. I didn't mean to hurt you,"" said Lily.

""I'm sorry, Lily. I didn't mean to hurt you. I just wanted to play with you. I didn't mean to hurt you. I just wanted to play with you.""

""I'm sorry","The dragon laughed and flew away.

The dragon flew away and the children and the dragon and flew around the land. Everyone was happy and the dragon was so happy. The dragon thanked the dragon and flew away. From that day on, the dragon knew that if you ever wanted to help it.Once upon a time, there was a little girl named Mia. She was three years old and",beam,2.3807
A lonely star looked down at Earth and wanted a friend.,"The star said, ""I wish I could fly like a star.""

The star said, ""I wish I could fly like a star.""

The star said, ""I wish I could fly like a star.""

The star said, ""I wish I could fly like you.""

The star smiled and said, ""I wish I could fly like you.""","So, the star asked the star to come and see it up close.

""Can we play with the star, mom?"" Tom asked.

""Yes, but be careful,"" said Mom. ""The star will come back soon. It will be a very special star!""

Tom was excited. He ran to the star and tried to catch it. He tried to catch it",beam,0.0253
A cloud wanted to paint pictures in the sky.,"She asked her mom, ""Can I paint a rainbow?"" Her mom said, ""Yes, you can paint the rainbow. But first, let's paint a rainbow.""

Lily was so happy. She said, ""Thank you, mom. I love painting."" Her mom smiled and said, ""You're welcome, Lily. I love painting.""Once upon a time, there was a","She asked her mom, ""Can I paint it?"" Her mom said, ""Yes, you can paint my brush. It is not nice. It is hard for your painting.""

Lily was sad. She said, ""But mom, I want to paint a new picture. It is very pretty. It is not a toy. It is a tool. It can paint a picture of",nucleus,-0.8750
A candle and a moth became friends on a windy night.,"They played together every day and had lots of fun. The end.Once upon a time, there was a little boy named Timmy. Timmy loved to play with his toy cars and trucks. One day, Timmy's friend Billy came over to play. Billy wanted to play with Billy too, but Timmy didn't want to share his toys with Billy.

Timmy's mom","They would run and jump and laugh. They have fun with their ball and their bellies. They pretend they are spies and go on adventures.

One day, they find a big box in the garage. They think it is a treasure. They want to try it on the table. They open it and see many toys inside. They see a big box on the table. It is shiny",beam,0.8861
A penguin wanted to learn how to dance.,"He asked his mom, ""Can you teach me how to dance?"" His mom said, ""Yes, you can teach me how to dance.""

The penguin said, ""I can teach you how to dance."" The penguin was so excited and said, ""Yes, I can teach you how to dance.""

So, the penguin and the penguin played together all day","The penguin was very excited and said, ""Yes, I want to learn how to dance!""

The penguin and the penguin became good friends. They played together every day and had lots of fun. The penguin was not sad anymore. It had a new friend.One day, a boy named Tim went to the beach. He saw many fish and birds and fish. Tim",nucleus,-0.3698
A toy train woke up in a quiet attic.,"It was very old and had many rooms. Lily and Ben liked to play with their toys. They had many toys, but their favorite was the train.

One day, they found a big box in the attic. It had many old things inside. They wanted to see what was inside. They opened the box and saw many toys inside. They were very happy.

""Wow,","It was dark outside. The wind blew hard and the snow started to fall. The wind blew hard. The snow was falling down.

Lily was sad. She asked her mom what happened. Her mom said, ""I'm sorry, sweetie. I should have listened to you."" The snowman said, ""I'm sorry, Lily. I didn't mean to hurt you.""",nucleus,-1.4330
A bee decided to explore beyond the meadow.,"As he walked through the meadow, he heard a voice.

""Hello, little bee,"" said the bee. ""What are you doing here?""

The bee replied, ""I'm looking for some honey. Would you like to come with me?""

The bee smiled and said, ""Yes, I'd love to come with you!""

So the bee and the","One day he decided to go out and explore the forest. As he entered, he saw a beautiful flower blooming in the sunshine. He was so excited that he decided to pick it up. He flew closer and saw that it was very heavy. 

The bee flew closer to the flower and he knew it was looking for a place to stay. He flew closer to the flower and looked",beam,0.6175
A paper boat drifted into the unknown ocean.,"She was so excited to see what was inside.

Suddenly, she heard a loud noise. It was coming from the sea. She was scared. She quickly ran to her mom and hugged her.

""Mommy, what's wrong?"" she asked.

""I'm sorry, sweetie. I didn't mean to hurt you,"" her mommy said.

""","It was so bright, it was so shiny and bright. She wanted to keep it safe.

One day, she went outside to find the boat. It was a very exciting day. She wanted to find out what it was. She looked everywhere, but she couldn't find it.

She looked around and saw a big tree. She had never seen it before. It was so",beam,0.5823
A robot found a flower growing inside a junkyard.,"She was so excited to see what was inside.

When she got inside, she saw that the robot had shrunk! She was so surprised that she couldn't believe her eyes. She had never seen anything like it before.

The robot was so happy to have found a new friend. She hugged the robot and thanked it for her help. From that day on, the robot and the","He was so excited! He picked it up and said, ""This is so cool!"" 

The robot smiled. He knew it was going to be an incredible adventure. He was so excited he couldn't wait to show his mom. 

When they arrived at the station, the train was very impressive. Everyone was so excited. They couldn't believe how exciting the train was.",beam,0.4415
A sandcastle dreamed of lasting forever.,"Once upon a time, there was a little boy named Timmy. Timmy loved to play with his toys and run around outside. One day, Timmy's mom asked him to clean up his toys. Timmy didn't want to clean up his toys, but his mom said no.

Timmy didn't want to clean up his toys, so he decided to clean up his toys","Once upon a time, there was a little boy named Tim. Tim loved to play outside and explore the world around him. One day, he found a very unusual shell that he loved. It was so shiny and sparkly, and he wanted to keep it forever.

Tim asked his mom, ""Can I play with your shell, please?"" His mom said, ""No, Tim.",nucleus,-1.5928
A snail wanted to win a race against the wind.,"The snail said, ""I win! I win!""

The snail smiled and said, ""I win! I win!""

The snail smiled and said, ""You win! You win!""

The snail smiled and said, ""Thank you, snail! You are a good friend!""

The snail smiled back and said, ""You're welcome!""

The snail smiled","He was very good at finding the snail. He ran as fast as he could. He ran very fast as he could. He reached the bottom of the hill and saw his friend, the snail.

The snail saw him and stopped. He was sad and angry. He had lost his friend. He said, ""I'm sorry, snail. I should have listened to you. You are",nucleus,-0.2099
A child found a door inside a library that led to another world.,"The child was so excited to see what was inside. 

The child opened the book and inside was a beautiful book. The child was so happy and thanked the child for his help. 

The child smiled and said, ""You're welcome. I'm glad you like it."" 

The child smiled and said, ""You're welcome. I'm glad I could help","She looked at the books and saw many books. She saw a man with a big hat and a shiny bike. He said, ""Wow, look at this! It is so big and cool!""

Lily and Ben saw the man. She ran to him and said, ""Hello, sir, can I play with you?""

The man looked at them and smiled. He said",nucleus,-0.3429
A firefly wanted to write stories with its light.,"The firefly said, ""Hello, little girl. What are you doing here?"" The firefly said, ""I am looking for a firefly. I am a firefly.""

The firefly said, ""Hello, little girl. What are you doing here?"" The firefly said, ""I am looking for food. I am looking for food."" The firefly said, ""","It flew over the firefly and made a loud noise. It was a firefly! The firefly was scared of the firefly. It had eight wings and a big beak.

""Hello, firefly! We are Lila and the firefly,"" the firefly said. ""I am the firefly. I will be your friend.""

""I am sorry,",nucleus,-1.9510
A frog built a tiny rocket to visit the moon.,"He was so happy to have a new friend to play with.

One day, the rocket decided to go on an adventure. He packed his bag and set off on an adventure. He packed his bag and set off on his journey.

When he arrived, he was amazed by all the wonderful things he had seen. He couldn't believe his eyes! He had never seen anything like","The rocket was so happy and excited! It wanted to show everyone around it. The rocket was so excited to have a friend.

The rocket started to fly up the sky. It was so exciting! It flew up, up, up and up and up into the sky. It was so pretty, it made the moon feel happy and free. The moon smiled at the moon. It was",beam,0.3126
A balloon got lost and tried to find its way home.,"But it was too late. The balloon was gone forever. The end.Once upon a time, there was a little boy named Timmy. Timmy loved to play with his toys all day long. One day, Timmy's mom asked him to clean up his toys. Timmy didn't want to clean up his toys, but he knew he had to listen to his mom.","The balloon was very sad and cried a lot.

A kind man saw the balloon and said, ""Don't worry, little girl. I will help you find your balloon."" The man took the balloon and brought it to the little girl. The man was happy and thanked the man. The man said, ""Thank you, little girl. You are very kind."" The man smiled and said",beam,0.4880
A young witch tried her very first spell.,"She tried and tried, but it was too hard. She tried and tried, but it was too hard. She tried and tried, but it was too hard. She tried and tried, but it was too hard. She tried and tried, but it was too hard. She tried and tried, but she couldn't. She felt frustrated and frustrated.

Then, she had an idea.","She said, ""Don't be scared, little girl. I will help you find your way home. You can read a book about history. Do you understand?""

The witch nodded. She said, ""Yes, I understand. But you have to learn your lesson. But I will not do it again. Goodbye, I will come back soon. I will not come back.""",nucleus,-0.4370
Two droplets raced down a window during a storm.,"The wind blew hard and the rain fell down.

""Oh no!"" said the little girl.

""Don't worry,"" said the little girl. ""I'll help you,"" said the little girl.

The little girl smiled and said, ""Thank you for helping me.""

The little girl smiled and said, ""You're welcome!""

The little girl smiled","The wind blew, and the rain was falling heavily. The rain kept pouring and the birds were happy again. They waved their umbrellas and umbrellas came back and smiled as the raindrops blew on them.

""Oh no,"" said the raindrops falling from the sky.

""Oh no,"" said the sky. ""The rain won't come soon.""",nucleus,-0.4076
A book woke up and wanted someone to read it.,"But it was too late. The book was ruined. The book was ruined.

Lily was very sad. She cried and cried. She wished she had listened to her mom. She wished she had listened to her mom. She wished she had listened to her mom. She wished she had listened to her mom. She wished she had listened to her mom. She wished she had listened to","He ran to the kitchen and found a book. He opened it and found a toy car. He was very happy.

The toy car was broken. It had a picture of a bird on the table. It was shiny and had a picture of a butterfly. Ben wanted to show it to his friend, Sam.

He opened the box and saw a picture of a butterfly. He",beam,1.4421
A painter who could only paint dreams woke up one day in his own art.,"He wanted to paint a picture of a flower, but he didn't know how. He asked his mom for help.

His mom said, ""Don't worry, Timmy. We can paint it together.""

So, Timmy and his mom went to the store to buy some paint. When they got home, Timmy's mom gave him a big hug and said, ""","He went to the store and bought a new paint. It was so pretty and shiny. He painted it all day long.

But then, a naughty boy came and tried to take the paint off the paint. He made a big mess and started to paint. The painter was so upset that he started to cry.

His mom came in and saw what happened. She said, """,beam,0.0131
A snowman wondered where the birds go when winter ends.,"""Let's go and see the snowman,"" Lily said.

""OK, but be careful,"" Ben said.

They walked to the snowman and looked for the snowman. They saw a big snowman with a hat and a scarf. He was very happy.

""Hello, snowman!"" Lily said. ""Do you want to play with us?""","They saw a big box with a hat and a scarf. They wondered what was inside.

They went closer to the box and opened it. They saw a lot of snow inside. They had a lot of fun.

But then, something bad happened. The snowman had made a big hole and it was covered in snow. The snowman started to melt. The snowman melted",beam,0.7489
A dragon lost its fire and went on a journey to find it.,"As they walked, they met a little girl named Lily. Lily said, ""Hi, I'm Lily. Do you want to play with me?"" Lily said, ""Yes, I would love to play with you.""

Lily and the dragon played together all day long. They had so much fun. When it was time to go home, Lily said, ""Thank you for","They searched high and low, but they couldn't find it.

""Where's the dragon?"" Lily asked.

""I don't know, maybe it's a treasure,"" Max said. ""Let's go to the forest and find the dragon.""

They searched and searched, but they couldn't find the treasure. They searched and searched but they couldn't find it. They",beam,1.6080
A clock stopped ticking but still measured moments.,"Suddenly, the clock started ticking again. This time, the clock stopped ticking. The clock was ticking again, and the clock was ticking again. The clock was ticking again, and the clock was ticking again. The clock was ticking again, and the clock was ticking again. The clock was ticking again, and the clock was ticking again.Once upon a time, there was a little girl","The clock was so happy that it was safe.

The clock was so proud of itself. It was a happy little girl, and it was the best day ever!Once upon a time, there was a big, heavy clock. It was very heavy. It was so heavy that it could carry.

One day, the clock saw a little girl. She wanted to lift it up",beam,0.3128
A cat learned to read human stories.,"One day, he went to the park with his mom. He saw a big tree with many leaves. He wanted to climb the tree and see what was on the other side.

He climbed the tree and reached for the tree. He was very happy. He climbed the tree and reached the top. He looked down and saw a big bird. The bird was singing a pretty song. The","She wanted to know more about the human. She decided to try and find a way to read. She walked and walked until she came to a clearing. There was a big, scary cat. The cat was hungry and wanted to eat the food.

She went back to her mom and said, ""Mom, I'm sorry, honey. I wanted to eat it.""

Her mom",nucleus,-0.5302
A fish dreamed about walking on land.,"He was so excited to see the fish swimming in the water. He swam and swam until he saw a big fish. The fish was so happy to see the fish.

The fish said to the fish, ""Hello, little fish! What are you doing here?""

The fish replied, ""I am looking for food. I am looking for food.""

The fish","He was so excited to see it.

The fish had never seen a fish before. He swam closer and closer, until he reached a big, beautiful, golden fish!

The fish was so happy! He swam back to the shore and started swimming. The fish felt so free and happy. He realized that he was going to make the fish happy. 

The",nucleus,-0.6122
A dog learned how to write letters.,"She wrote, ""I love you, Tom. You are a good writer. You are a good writer.""

Tom was happy. He liked to write. He wrote, ""I love you, Lily. You are a good writer. I love you.""

Lily smiled. She said, ""I love you too, Tom. You are a good writer. You are a good","He wrote and wrote, ""I love you"" on a big envelope. It is a letter from Grandma. She sent it to her grandma's house. She wrote a letter to her grandma and she was very happy.

""Thank you, Grandma. I love you, grandma. Thank you, grandma."" Tom said.

Grandma hugged Tom and said, ""You are",beam,0.1673
A lantern floated into space to look for the sun.,"It was so pretty and sparkly.

""Wow, look at that star!"" Lily said. ""It's so pretty!""

""Yes, it's very pretty,"" said Lily. ""But it's very pretty.""

""I don't know,"" said her mom. ""Maybe it's a gift for you.""

Lily and her mom went to the living room","The pumpkin was so bright and it made the little girl smile. She was so happy to have found the pumpkin and shared it with her friends. 

From then on, the pumpkin was even more careful when exploring the world around her. And whenever she was feeling sad, she would remember the special pumpkin.Once upon a time, there was a little girl named Lily. She was very hungry",beam,0.6324
A lonely robot started writing poems to the stars.,"The robot said, ""Hello, I am Tom. Do you want to play with me?""

The robot said, ""Yes, I do. Do you want to play with me?"" The robot said, ""Yes, I want to play with you. I want to play with you. I want to play with you.""

The robot said, ""Okay, I will play with","It made her feel special. She looked up and saw that it was a magical spell!

The robot was very happy and excited. It wanted to sing and dance. So it said, ""I want to sing and dance with my friends. I have a great time."" The robot smiled and said, ""I want to be your friend!"" 

So, they all danced together and",beam,0.2439
A child built a friend out of starlight.,"The child was so happy and thanked the child for being so kind.

The child smiled and said, ""You're welcome. I'm glad I could help.""

The child smiled and said, ""You're welcome. I'm glad I could help.""

The child smiled and said, ""You're welcome. I'm glad I could help you.""

The child smiled","The child was very excited and smiled at the child.

The child watched them until it was time for dinner. The child was so happy that the child had saved the day. She was so grateful for her friend and thanked him for being such a good friend.Once there was a little girl named Sarah. She was only three years old. Sarah liked to play and explore the world around her",beam,0.0330
A butterfly got trapped in a museum and wanted to escape.,"But the butterfly was too fast and flew away. Lily was sad and didn't know what to do.

Suddenly, a kind lady appeared and said, ""Don't worry, little one. I'll help you find your way home."" Lily was so happy and thanked the lady. From that day on, Lily and the lady became good friends and played together every day.Once upon a time","He looked around and saw a big puddle. He thought it would be fun to jump in. So, he crawled into the big puddle and jumped in. The water was happy and free. He felt safe and free.

But then, he heard a loud noise. It was a big truck. The truck had many boxes on it. The driver wanted to get out and take a",beam,0.5135
A kite wanted to touch the clouds.,"She asked her mom, ""Can I touch the kite?"" Her mom said, ""No, you can't touch it. It is too high for you.""

Lily was sad. She wanted to touch the kite. She asked her mom, ""Can I touch the kite?"" Her mom said, ""No, you can't touch the kite. It is too high","He looked up and saw a kite fly in the sky. He felt happy. He watched the kite fly in the sky and the wind. He felt like he was flying.

He saw a big bird flying in the sky. He saw a big cloud in the sky. He smiled. He wanted to fly like the kite. He flew high in the sky. He was flying",beam,0.7510
A tree grew leaves made of glass.,"It was so pretty and sparkly.

""Wow, look at this!"" Lily said. ""It is so pretty!""

""Can I touch it?"" Ben asked.

""No, it's mine!"" Lily said.

They started to argue. They pulled and tugged on the glass. The glass broke and the glass fell on the floor.

""Oh","It was very hot and it smelled so good.

One day, a little boy came to the tree and started to climb. He was so excited, he wanted to climb the tree. He said to himself, ""I want to climb the tree!"" 

But the tree was too strong. He climbed higher and higher until he reached the top of the tree. He was so happy",beam,0.7161
A painter found colors that could change the weather.,"The painter was very happy and said, ""Thank you, painter. You are very kind."" The painter smiled and said, ""You're welcome, painter. I'm glad you like painting. Now, let's go home and have some fun.""Once upon a time, there was a little girl named Lily. She loved to play outside in the sunshine. One day, she went to the park","She wanted to make friends with the painter. She said, ""You need to paint and paint to paint a flower. You need to be kind and creative. You need to be kind and gentle.""

Lily and Max nodded. They took the painter and the painter and gave him some paint and water. They painted and painted and painted. They painted a beautiful house, with bright colors.",nucleus,-0.1141
A little boy wanted to learn how to speak to animals.,"He asked his mom, ""Can you teach me how to teach me how to teach you how to teach me how to teach you how to teach me how to teach me how to teach you how to teach me how to teach me how to teach me how to teach me how to teach you how to teach me how to teach you how to teach me how to teach you how to teach me how to","He was very smart and loved to learn new things. One day, he went to the park with his mom. He saw a big statue with a picture of a clown on it. The clown was very big and had many colors.

The clown was very happy. He wanted to learn more about the clown and the clown. But he did not know that the clown was real and had a",nucleus,-0.4204
A piano learned to play itself when no one was watching.,"One day, a little girl named Lily went to the park with her mom. She saw a big slide and wanted to go on it.

""Mom, can I go on the slide?"" Lily asked.

""Sure, but be careful. Don't go too close to the slide,"" her mom said.

Lily climbed up the ladder and slid down the slide. She","It was a very big, and it was very loud. It was so loud that it made a loud noise.

""What is that?"" Lily asked.

""It's a scary movie,"" Mom said. ""It's just a little bit, but it's not a toy. It's just a toy.""

Lily was scared. She wanted to try the film,",nucleus,-0.6672
A girl who could talk to shadows asked them what they dream about.,"The girl smiled and said, ""That sounds like a great idea! Let's go to the park and have some fun!""

So the girl and the girl went to the park. They played on the swings and the slide. They had so much fun!

At the end of the day, the girl said goodbye to the park and went home. She was so happy to","The girl said that she wanted to go back to the castle, but she didn't know how.

Then one day, her mother said that if she had a plan, she would make a new castle. The castle was so tall that it filled the castle with sand and shells. The girl was so excited to have the castle that she had made.

The next day, the girl",beam,0.4603
A raindrop landed in a desert and began an adventure.,"""Oh no!"" said the voice.

""Don't worry,"" said the voice. ""I'll help you.""

The voice said, ""I'll help you find your way home.""

The voice said, ""I'll help you find your way home.""

The voice said, ""I'll help you find your way home.""

The voice said","It was a beautiful, sunny day and the sun was shining brightly. Little Sally saw a beautiful flower that was glowing in the sunshine.

""Wow,"" said Mommy. ""This flower is so pretty,"" said Mommy. ""Let's pick it up and take it home.""

Little Sally was so excited that she couldn't help but smile. She took the flower home and showed",beam,1.2530
A fox opened a bakery in the forest.,"He was so excited to see what was inside.

When he got there, he saw lots of yummy treats. He wanted to eat them, but he didn't know what to do. So, he decided to ask his mom for help.

When they got to the bakery, they saw a big cake. They were so happy! The baker said, ""Thank you, thank","He saw the pie and wanted it for himself. He wanted to eat it, but he couldn't find anything. He asked his friends for help.

The fox was very happy. He said he would help the fox find some other animals to help him. He was so kind and compassionate. He said, ""Hello, fox. Why are you so lonely?""

The fox looked at",nucleus,-0.8778
A star fell into the ocean and became a pearl.,"The oyster was very sad and didn't know what to do. But then, a kind man came and helped the oyster. The oyster was very happy and thanked the oyster. From that day on, the oyster and the oyster became good friends and played together every day.Once upon a time, there was a little girl named Lily. She loved to play with her toys","She was so excited that she quickly grabbed the pearl.

The pearl flew into the sky, feeling the warmth of the sunlight on the pearl. But, when it turned out, it suddenly disappeared.

The next day, the pearl reappeared! Everyone was very happy and thanked the oyster for the fish. 

The end.Once upon a time, there was a little",nucleus,-0.2916
A baker forgot the recipe but remembered the smell.,"He knew he had to be patient and wait for the next time.Once upon a time, there was a little boy named Timmy. Timmy loved to play with his toys and run around outside. One day, Timmy's mom asked him to clean up his toys. Timmy didn't want to clean up his toys, but he knew he had to listen to his mom.","She quickly opened the door and saw that the cake was not hers. She was so happy to have it back and she thanked her mom for buying her a delicious cake.Once upon a time, there was a little boy named Timmy. Timmy loved to play outside in the rain. One day, Timmy saw a big, yummy cake in the kitchen. He wanted to try it,",beam,0.4899
A clockmaker built a time machine by accident.,"He was very sad. He didn't know what to do.

Suddenly, he heard a voice. It said, ""Don't worry, little one. I'll help you.""

The little boy was so happy. He thanked the little boy and said, ""You're welcome, little one. I'm glad you're okay.""

The little boy smiled and said, ""","It's important to stay safe."" 

Teddy was so happy and grateful to the little robot and the little girl were so happy that they could help. She knew that even though it was a little bit boring.Once upon a time, there was a girl named Lily. She had a pet cat named Mittens. One day, Mittens wanted to have an exam. Lily was scared",nucleus,-0.4615
A young inventor wanted to build a friend.,"She asked her mom for help. Her mom smiled and said, ""Yes, you can help me build a big tower.""

The little girl was so excited. She said, ""Thank you, mom! I love my tower!"" Her mom smiled and said, ""You're welcome, sweetie. I'm glad you like it.""Once upon a time, there was a little girl named","She asked her dad for help. Her dad said yes and they went to the office together. 

The boy was so excited. He got to work with his dad and they worked together to make the office work. The office was very beautiful. 

The boy was so happy with his dad. He thanked the office and drove home. The office was full of people.Once upon",nucleus,-0.6930
A paper airplane flew around the world.,"It was so much fun!

But then, something bad happened. A big storm came and destroyed the airplane. The airplane was destroyed. The people were sad and scared. They didn't know what to do.

Then, a kind lady saw the airplane. She said, ""Don't worry, little one. We can fix it together."" The lady smiled and said, ""Thank","The airplane was so happy to be in the sky. 

The plane was happy. It had lots of friends to fly and sing. They all danced and sang. The plane kept going higher and higher. 

Finally, the plane got back and flew back to the airport. Everyone was so excited! They had to get on the plane and the plane was so excited to fly around",beam,1.0522
A dragonfly wished it could breathe underwater.,"But it was too late. The dragonfly was gone forever. The dragonfly was gone forever.Once upon a time, there was a little boy named Timmy. Timmy loved to play outside in the sunshine. One day, Timmy's mom took him to the park to play. Timmy was so excited to play on the swings and slide down the slide.

As Timmy","So the dragonfly went away and the dragonflyflyfly kept its friend safe and flew away. The dragonflyflyfly waved back and said ""byeflyflyflyflyflyflyflyflyflyflyfly! 

The dragonflyflyflyflyflyflyflyflyflyflyflyflyflyflyflyflyflyflyflyflyflyflyflyflyflyflyflyflyflyflyflyfly",nucleus,-0.0267
A cloud tried to become a mountain.,"But the cloud was too strong and it couldn't move. The cloud was sad and didn't know what to do.

Just then, a kind man came by and saw the cloud. He said, ""Don't worry, little cloud. I will help you."" The cloud was happy and thanked the cloud. From that day on, the cloud and the cloud became good friends.Once upon","It was too high for her to reach. But the cloud was too heavy and she couldn't reach it. She could not reach it.

Just then, her mom came and saw the cloud. She said, ""Mom, can you help me reach the cloud?"" Her mom smiled and said, ""Yes, it's just a cloud. It's a good cloud!""

So the",nucleus,-0.3466
A cat followed a butterfly into another dimension.,"The cat was so happy and thanked the cat for being so helpful. From that day on, the cat always remembered to be kind and helpful to others.Once upon a time, there was a little boy named Timmy. Timmy loved to play outside in the sun. One day, Timmy's mom asked him to clean up his toys. Timmy didn't want to clean up his toys","The butterfly flew over the fence and landed on a tree. The butterfly was so happy to have a new friend to play with. They were both very happy and had a new friend.Once upon a time, there was a little girl named Lily. She loved to play with her toys and draw pictures. One day, she drew a picture of a unicorn on the wall. It was so pretty.",beam,0.5421
A violin string wanted to play its own song.,"She asked her mom if she could play the violin. Her mom said yes and gave her a big hug.

The little girl was so happy. She hugged her mom and said, ""Thank you, mom. I love you."" Her mom smiled and said, ""I love you too, my sweet girl.""Once upon a time, there was a little girl named Lily. She loved to","She wanted to see what was inside the violin. She asked her mom to help her, but her mom said no.

Her mom smiled and said she was proud of her for trying. She said she could help her mom, but she was not happy. She took the violin and she said she would buy a violin.

The next day, Lily went to the store with her mom",nucleus,-0.9722
A painter drew a door that really opened.,"He was so excited to see what was inside.

The painter showed the painter how to paint the walls and the walls. He painted the walls, the walls, the walls and the walls. He was so proud of his work.

The painter was very proud of his work. He had done a great job. He was very proud of his work.Once upon a time there was","He smiled at the painter and said, ""I'm glad you are safe. But you know that I should not touch the painter. It is not safe. It is a beautiful color. I hope you are safe and happy.""

The painter smiled back and said, ""I'm proud of you, painter. You are very brave and strong. You did a great job and you are brave",nucleus,-0.6345
A robot tried to dream like humans do.,"One day, the robot met a new friend. The robot said, ""Hello, robot! Do you want to play with me?"" The robot said, ""Yes, I want to play with you. Can I play with you?"" The robot said, ""Yes, I want to play with you. Can I play with you?"" The robot said, ""Sure, you can play with me.","She dreamed of flying in a big tree. She dreamed of flying and flying. She dreamed of flying and playing and having fun.

But then, she heard a loud noise. It was a big truck. It was coming towards her. It was coming closer and closer. Lily woke up and saw her mom and dad. They were scared and worried. They ran to their mom and hugged her",beam,0.9768
A candle learned it could shine without burning.,"Once upon a time, there was a little boy named Timmy. Timmy loved to play with his toys all day long. One day, Timmy's mom asked him to clean up his toys. Timmy didn't want to clean his room, but he knew he had to clean up his toys.

Timmy's mom said, ""Timmy, you need to clean up your","He was very happy and he thanked the candle. He learned that sometimes things can be fun, and that being a good thing can make you happy.One day, a little boy named Tim went to the park with his mom. They saw a big tree with many branches. Tim wanted to climb it, but he was too small. So, he climbed the ladder and got to the top.",beam,1.0253
A shy ghost joined a birthday party.,"They played games and sang songs. They had a lot of fun.

At the end of the day, Lily and her mom went to the park. They saw a big slide and a swing. Lily wanted to go on it. She asked her mom if she could go on the slide. Her mom said yes, but be careful.

Lily climbed up the ladder and slid down","The ghost was very happy and danced with the ghost. They had so much fun. They became best friends and played together every day. And they lived happily ever after.Once upon a time, there was a little boy named Tim. Tim had a toy robot that he loved very much. He would drive his car on the street and take it for a walk.

One day, Tim saw",nucleus,-0.5183
A squirrel found a map to buried treasure.,"The squirrel was very happy and thanked the squirrel. From that day on, the squirrel and the squirrel became good friends and played together every day.Once upon a time, there was a little girl named Lily. She loved to play with her toys and run around outside. One day, she went to the park with her mommy. They saw a big tree with lots of leaves. Lily wanted to","He thought it was a good idea, so he ran to the pond to get his treasure. He quickly ran over to the map and started to dig. 

After a while, the pirate was finished. He was so happy that he ran to his treasure box. He couldn't wait to show his mom and dad what he had found. His mom and dad were very impressed. They said",beam,0.1211
A snowflake landed on a volcano.,"It was very big and had many colors. It looked like a rainbow.

""Wow, look at this!"" Lily said. ""It is so pretty!""

""Can we touch it?"" Ben asked.

""Sure, but be careful. Don't touch it,"" Lily said.

They walked closer to the volcano and touched it. It felt soft and smooth. They","It was so pretty!

""Wow, it's so pretty!"" Tom said.

""Let's add some of the snowflake,"" Sue said. ""We can add some more snow and snow angels!""

""Okay!"" Sue said. ""But be careful. The snowflake is very special,"" Tom said. ""Let's make a snowball fight!""

They took turns",beam,0.6942
A teddy bear wanted to explore the world outside the bedroom.,"He asked his mom, ""Can I go outside and play?""

His mom said, ""Yes, but be careful. Don't go too close to the window.""

So, the teddy bear and his mom went outside to play. The sun was shining, and the birds were singing. The sun was shining and the birds were singing.

Suddenly, the bear heard a","But when he got there, he saw a big box of junk on the floor. He opened it and found a beautiful toy car. It was shiny and pretty.

He picked it up and tried to squeeze it with his paw. It felt so soft and smooth. He touched it with his paw, but it made him feel happy.

He put the shiny thing in his mouth and",beam,0.4426
A storm learned how to whisper instead of roar.,"It's important to be kind and share with others.Once upon a time, there was a little boy named Timmy. Timmy loved to play with his toys and run around outside. One day, Timmy's mom asked him to clean up his toys before dinner. Timmy didn't want to stop playing, but he knew he had to listen to his mom.

Later that day","The family enjoyed the peacefulness of the storm, and the wind started to blow and the wind. Suddenly, the rain stopped and the sun came out. It was so happy and peaceful, and the wind was happy again.Once there was a boy called Tom. He loved to play outside with his friends. One day, Tom saw a big storm coming. The wind was strong and the",beam,0.2296
A wave fell in love with the shore.,"It was a big wave coming towards them.

Lily and Ben were scared. They did not know what to do. They did not know what to do. They did not know what to do.

Then, they heard a loud noise. It was their mom. She came to see what was wrong. She saw the wave and the wave. She saw the wave and the wave","He was very happy. He had a big smile on his face and a smile. He had a big smile on his face and a smile on his face.

Timmy's mom came to him and said, ""Wow, Timmy! You are so lucky. I love you.""

From that day on, Timmy loved to play outside in the sun. He would run and",beam,0.1003
A book wanted to write itself.,"It said, ""No, I want to write. I want to write a story. I want to write a story. I want to write a story about a princess and a dragon. I want to write a story about a princess and a dragon. I want to write a story about a princess and a dragon. I want to write a story about a princess and a dragon. I want to","It looked very special and colorful.

One day, the girl wanted to write a story. She asked her mom for help. Her mom said, ""Yes, of course. But first, let's go to the store and buy a new book. I have to remember your history and your mom.""

The girl was very happy. She asked her mom if she could read her book",nucleus,-0.5742
A compass lost its direction but found meaning.,"""Don't worry, I'll help you find it,"" said the owl. ""I'll help you find it.""

The owl was so happy and thanked the owl. From that day on, the owl and the owl became good friends and played together every day.Once upon a time, there was a little girl named Lily. She loved to play outside in the sun. One","It was very deep and far away. It wanted to find its way back home. But, when it came back, it spotted the key. The lock was very deep and the box was stuck in a hole.

The brave little bird was very happy and thanked the bird for his help. He flew back to his home, ready for the next adventure.Once upon a time, there was",beam,0.2493
A girl built a ladder to the stars.,"She was so proud of herself.

But then, she heard a voice. It was her mom. She said, ""Lily, what are you doing? You are making a mess. You are making a mess. You are making a mess. You have to clean up this mess. You have to clean up this mess. You have to clean up this mess. You have to clean","She wanted to go down the ladder. The girl was very happy. She started to climb up the ladder and carefully reached the top. 

Suddenly, the girl saw a big dog. The dog was barking and growling. The girl was scared and ran away. The girl cried and cried. The girl ran to her mom and dad. They were safe in the woods.",beam,1.0334
A fox and a crow argued about what honesty means.,"The fox said, â€œIf you donâ€™t give up.â€

The fox thought for a moment and then said, â€œIf you donâ€™t give up, I will give you a chance.â€

The fox thought for a moment and then said, â€œOkay, I will give you","They decided to be nice and kind to everyone he met. The fox and the bear and the bear said, ""I'm sorry, fox. I won't be selfish and you are very kind."" The fox was surprised and said, ""Thank you, fox. You are very kind. But please don't make me happy."" The fox smiled and said, ""You're welcome, little fox.",nucleus,-1.0482
A magician lost their wand but discovered real magic.,"The magician was very happy and thanked the magician for his help. From that day on, the magician and the magician became the best magician in the world.Once upon a time, there was a little girl named Lily. She loved to play outside in the sunshine. One day, she went to the park to play with her friends. They played on the swings and the slide.

Suddenly,","He had a magic wand that could make people happy. He thanked the magician for helping him find it. From that day on, he kept his magic wand in the world.Once upon a time, there was a little boy named Timmy. Timmy loved to play with his toy cars and trucks. One day, Timmy's friend Billy came over to play. Billy saw the wand and said",beam,0.2451
A boy tried to catch his own shadow.,"He tried to catch it, but it was too fast. He caught up with his mouth and bit it.

""Ow, ow, ow!"" he cried. ""That hurts!""

His mom heard him and came to see what was wrong. She saw the shadow on the ground. She picked it up and hugged him.

""I'm sorry, mom,"" she said","The boy jumped on the couch, and he felt very happy. The boy realized that the shadow was not a good idea to catch the boy. He ran and jumped on the couch. The boy was happy to be with his new friend and they became best friends.Once upon a time, there was a little girl named Lily. She loved to play with her dolls and dress up pretty dresses. One",beam,0.9712
A camera started taking pictures by itself.,"It was so much fun!

But then, something bad happened. A big dog came running towards them. The dog was scared and ran away. The dog chased the dog away, but the dog was faster. The dog chased after the dog, but the dog was too fast. The dog caught up with its teeth and ran away.

The dog chased the dog, but the dog","It was a strange creature! The creature wanted to take pictures of the film.

The creature was so excited that the film started to shake. The creature wanted to be able to record something even more. Suddenly, it started to rain.

The creature was so scared, it started to run away. But the creature kept chasing the creature and it made the creature feel much better. It",nucleus,-0.5237
A moonbeam visited a sleeping cat.,"The cat asked the cat, ""Do you want to play with me?"" The cat replied, ""Yes, I would love to play with you.""

The cat and the cat played together all day. They had so much fun. The cat and the cat became good friends and played together every day.Once upon a time, there was a little girl named Lily. She loved to play outside","She was so happy and said hello. The cat asked the moon what it was. The cat smiled and said hello.

The cat said hello and the cat asked if he wanted to play with the cat. The cat said yes and the cat ran around the house.

The cat was happy to have a new friend. He said that the cat would play with the cat and the cat",beam,0.6279
A child followed a rainbow to its other end.,"Once upon a time, there was a little girl named Lily. She loved to play outside in the sunshine. One day, she went to the park with her mommy. They saw a big tree with lots of leaves. Lily wanted to climb it, but her mommy said no.

Lily was sad because she really wanted to climb the tree. But her mommy said, ""","Once upon a time, there was a little girl named Lily. She loved to play outside in the sun. One day, she went for a walk in the park. Suddenly, she saw a big pond. The water was very big and had lots of fish swimming in it. 

Lily wanted to feed the ducks, so she went to the pond. When she got there, she",nucleus,-0.1682
A windmill wanted to dance like the wind.,"She asked her mom, ""Can I dance with you?""

Her mom smiled and said, ""Of course, Lily. You can dance with me.""

Lily was so happy and said, ""Thank you, mom. I love you.""

Her mom smiled and said, ""I love you too, Lily. You are the best dancer in the world.""

L","So, she asked her mom, ""Can I dance like you?"" Her mom said, ""Yes, you can dance with me!""

The little girl took her dance and danced and danced around. She spun, and danced, and twirled and danced. She danced, in the sunshine, in the sun, and the sun was warm. She was happy and full, and it was time",beam,0.1626
A mermaid tried walking on land for a day.,"The mermaid said, ""Hello, little girl. What are you doing here?""

The mermaid said, ""I'm looking for something to eat. Would you like to come with me?""

The mermaid smiled and said, ""Yes, I would love to be your friend.""

The mermaid smiled and said, ""Yes, I would love to be your friend","She was excited to see the fish and her friends. She swam as fast as she could. She laughed and said, ""Hello, little girl! What are you doing?""

The mermaid smiled and said, ""I'm trying to catch a dolphin!""

The little girl smiled and said, ""Well, you are so brave and you will catch a dolphin!""

The",beam,0.1465
A robot painter wanted to understand beauty.,"He asked his mom, ""Can I help you?""

His mom smiled and said, ""Yes, you can help me. But first, let's go to the store and buy a new one.""

The little girl was so excited. She said, ""Yes, please!""

So, the little girl and her mom went to the store. When they got there, the","He thought of a way to make the most beautiful bird in the world. He was proud of his work and he knew that he would come back soon.

The painter went back to the garden and painted more beautiful pictures. He made a beautiful picture and everyone was happy. He was so proud of himself for succeeding!Once upon a time, there was a little girl named Lily. She loved",beam,0.8235
A seed grew on the moon and waited for the rain.,"Soon, the seed started to grow. The seed grew bigger and bigger. The seed grew bigger and bigger. The seed grew bigger and bigger.

One day, the seed started to grow. It grew taller and taller. The seed grew bigger and taller. The seed grew taller and taller. The seed grew taller and taller. The seed grew taller and taller.

One day, the","They were happy and they loved each other very much.Lily and Ben were playing in the garden. They liked to dig holes and look for bugs. Sometimes they found bugs, flowers, and bugs.

One day, they found a big spider in the hole. It was very small and had big legs. Lily was curious and wanted to see what was inside. She climbed on a chair",beam,0.5955
A butterfly taught a rock how to dream.,"The butterfly taught the butterfly how to fly. The butterfly taught the butterfly how to fly and how to fly. The butterfly taught the butterfly how to fly and how to fly.

The butterfly taught the butterfly how to fly and how to fly. The butterfly taught the butterfly how to fly. The butterfly taught the butterfly how to fly and how to fly. The butterfly taught the butterfly how to fly","He was very excited to explore the world and learn new things.

One day, he was walking through the forest when he heard a strange sound. It was a strange sound that glowed in the sunlight.

He asked his mom if he could have a look. His mom said yes, but he was scared to try. She said he would try to climb the tree and find out",nucleus,-0.5812
A rabbit found a clock that ran backward.,"The rabbit was very happy and thanked the rabbit. From that day on, the rabbit and the rabbit became good friends and played together every day.Once upon a time, there was a little girl named Lily. She loved to play outside in the sun. One day, she went to the park with her mommy and daddy. They played on the swings and the slide.

Suddenly, Lily","He opened the door and saw that the clock was broken. The clock was very quiet and sad.

He wanted to see what was wrong. He asked his mom if he could help her fix the clock. His mom said yes, but only if it's not safe.

So, the clock did not work. He tried to fix it, but it did not work. He was",beam,0.1478
A paper crane came to life.,"He saw the crane and said, ""Hello, little one. Do you want to play with me?""

The crane nodded and said, ""Yes, I do. I want to play with you. I want to play with you.""

The crane smiled and said, ""Yes, I want to play with you. I want to play with you.""

The crane smiled and","He was so happy! He waved his hands around and said, ""Hello! I'm here to help you!""

The crane laughed and said, ""I'm glad you had fun, but now you have to be here. I'm glad you have made a difference!""

The crane was so glad that the crane was able to help. He said goodbye to the crane and thanked it",nucleus,-0.9693
A lighthouse got tired of standing still.,"He was so happy that he had been able to help the lighthouse.Once upon a time, there was a little boy named Timmy. Timmy loved to play with his toys and run around outside. One day, Timmy's mom asked him to clean up his toys. Timmy didn't want to clean up his toys, but he knew he had to listen to his mom.","He looked around the lighthouse and felt happy. He had been there to help him. 

He went to the park and came across a friendly old man. The lighthouse was safe and it had a great time. He was glad he had found the lighthouse in the lighthouse.Once upon a time there was a boy called Tim. Tim loved to sail in the water. He had a big smile",beam,1.0725
A snowflake tried to remember its first fall.,"But it was too late. The snowflake was gone. The snowflake was gone.

The next day, the snowflake was gone. The snowflake was gone. The snowflake was gone.

The next day, the snowflake was gone. The snowflake was gone. The snowflake was gone.

The next day, the snowflake was gone. The snow","The snowflake made a little cold.

""Oh no, that's snowflake is melting!"" Lily cried.

""I want to help!"" Ben said. He pointed to the snowflake and said, ""It's so pretty!""

Lily shook her head. ""No, I don't want to wear it anymore!""

They both pulled and pulled and pushed and",nucleus,-0.1739
A crow learned how to count the stars.,"One day, two, three, four, five, six, seven, eight, nine, ten!""

The crow was very happy and said, ""Thank you, crow! You are a good friend!""

The crow smiled and said, ""You are welcome, crow. You are a good friend.""

The crow smiled and said, ""You are welcome, crow. You","She learned that sharing is caring and that being kind is better than having fun. She learned that sharing is caring, and that sharing is caring. She learned that sharing is caring. She also learned that being kind and caring is better than being greedy.Anna and Ben were friends. They liked to play together in the park. One day, they saw a big ball of dough on the ground. It",beam,0.9100
A fish invented music underwater.,"She was so excited that she couldn't wait to try it out.

When she got to the lake, she saw a big fish swimming in the lake. She was so excited and couldn't wait to try it out.

When she got to the lake, she saw a big fish swimming in the lake. She was so excited! She ran to the lake and jumped in. She","They were so impressed with how much fun they had and even joined in. 

The fish was so pleased with the fish and thanked it for their help. From then on, the fish were always together and the best of friends.Once upon a time there was a girl named Jenny. She was very curious and loved to explore the world around her.

One day, Jenny was playing",nucleus,-0.2905
A mirror told the truth only once a day.,"The next day, the little girl went to the park with her mom. She saw a big slide and wanted to go on it. She ran to the slide and climbed up the ladder. She climbed up the ladder and slid down the slide. She felt the wind in her hair and the sun on her face. She laughed and smiled.

But then, something bad happened. The","The boy was very sad and said he would never do it again. 

The boy was sad because he couldn't find a way to make his mom happy. He had learned that he should always be honest and listen to his mom.Once upon a time, there was a little girl named Lily. She loved to play outside in the sunshine and eat yummy food. One day, she",beam,1.2878
A dragon wanted to learn how to laugh.,"He asked the dragon, ""Can you teach me how to fly?"" The dragon said, ""Sure, I can teach you how to fly.""

The dragon was very happy and said, ""Thank you, dragon. You are very kind."" The dragon smiled and said, ""You're welcome, dragon. I'm glad you like your dragon.""

The dragon smiled and said, ""","She put on her shoes and tried to put on her shoes, but she did not like it.

""Can I try?"" Lily asked.

""Of course, you can,"" her mom said. ""But first, you have to practice. You have to do what I say. You can do it. You are the best teacher ever.""

Lily felt sad and angry",nucleus,-1.6983
A candle asked the sun how to stay bright.,"The little girl was so excited. She asked her mom, ""Can I go outside and play?""

Her mom said, ""Yes, but be careful. Don't go too far.""

So the little girl and her mom went outside to play. The sun was shining and the birds were singing.

The little girl was so excited to go outside and play. She","She said that it was a special light, and it had a lot of light. It was so light and bright.

When the light was out, the light lit up the night sky and the light shone on the light. It lit up the light, and it made the room sparkle. The light shone from the light and the light came out. The light lit up the light and",beam,0.0924
A cloud became jealous of the moon.,"It wanted to be the moon, but it was too far away. The moon was very sad.

One day, a little boy named Tim saw the moon. He wanted to play with the moon. So, he asked his mom, ""Can I play with the moon?"" His mom said, ""Yes, you can play with it.""

Tim was very happy. He played with","He said, ""Why don't you stay here in your room?""

The cloud said, ""I don't like the moon. It's just a cloud.""

The cloud said, ""I'm sorry, cloud. I don't know. I just have to be happy. Can you help me make it come over and see me?""

The cloud smiled and said, """,nucleus,-0.4398
A spider painted art with its web.,"It was very pretty and had many colors. The spider liked to play with its friends.

One day, the spider met a new friend. The spider said, ""Hello, spider. Do you want to play with me?"" The spider said, ""Yes, I want to be your friend.""

The spider and the spider played together all day. They had so much fun. The","It was so pretty and beautiful. It was so pretty! 

The spider wanted to show its friends the painting to its friends. They all hugged and made new friends. The spider and the picture became friends.Once upon a time, there was a little girl named Lily. She loved to play outside in the rain. One day, she went outside to play. She saw a butterfly and",beam,0.5398
A leaf refused to fall in autumn.,"The leaf was very sad and didn't know what to do. But then, a wise old owl came and said, ""Don't worry, I will help you. I will help you.""

The owl was very happy and thanked the owl. From that day on, the owl and the owl became good friends and played together every day.Once upon a time, there was a little girl","She was very sad and didn't know what to do.

Her mother came outside and saw what happened. She told Lily that the leaf was very rare and needed to be washed. Lily was sad, but she knew her mother would be mad if she did.

Lily learned her lesson and promised to be more careful next time. From that day on, she always asked for a",nucleus,-0.6737
A squirrel wanted to visit the ocean.,"He asked his mom if he could go. His mom said yes and they went to the beach.

When they arrived at the beach, Tim saw lots of other kids playing in the sand. He wanted to join them, but he didn't know how. He asked his mom if he could join them. His mom said yes, and Tim was so happy.

Tim and his mom","He was very excited and wanted to find out what it could find.

The squirrel was very alert and tried to find out what the noise was coming from the bushes.

Suddenly, the squirrel jumped up and down. It had a big net and was about to catch it. The squirrel was so happy to have his net back. The squirrel said, ""Thank you so much! I",beam,0.0548
A mountain started to hum at night.,"It was so much fun! But then, something bad happened. A big storm came and destroyed the mountain. The mountain was destroyed and the mountain was destroyed.

The people were very sad and scared. They didn't know what to do. But then, a kind man came and saw the mountain. He said, ""Don't worry, little one. I will help you.""","""What should I do?"" asked the boy.

The boy said, ""I want to be a superhero too, but I can make it go faster.""

The boy thought for a moment. Then he said, ""Ok, you can go on a long journey. But only if you give me a special reward.""

The boy agreed and said, ""I know, I",beam,0.1702
A tiny robot learned to sing.,"He had a big smile on his face. He had a big smile on his face.

""Hello, little girl,"" the robot said. ""Do you want to play with me?""

""Yes, please!"" said the robot. ""I want to play with you!""

The little girl smiled and said, ""I want to play with you!""

The little girl","The robot is a big robot. It has many buttons and lights. The robot can talk and sing.

One day, the robot hears a loud noise. It is a little dog. The robot is not nice. It wants to play with Tim.

""Can I play with your robot?"" Tim asks.

""No, you can't. It is not fun. It",nucleus,-0.7321
A cat dreamed of becoming a lion.,"He dreamed of flying in the sky. He dreamed of flying in the sky. He dreamed of flying in the sky and the birds. He dreamed of flying and flying.

One day, he saw a big bird in the sky. It was red and yellow and had a long tail. It looked like it was flying in the sky.

""Wow, look at that bird!"" Ben","He was so happy that he wanted to show off his skills.

But then, a big wind came and blew the lion away. He was very scared. He screamed and ran to his mom.

""Mom, mom, there is a lion in the jungle!"" he shouted.

His mom was not happy. She scolded him for being naughty and selfish. She took away",nucleus,-0.5988
A doll opened its eyes for the first time.,"""Hello, little girl,"" said the doll. ""Do you want to play with me?""

""Yes, please,"" said the doll. ""But I want to play with you.""

The little girl was sad. She did not want to play with the doll anymore. She wanted to play with it.

""Can I play with you?"" she asked.","She gave one half of the doll and said, ""Here you go, I have a cookie for you. It is mine.""

Lily took the doll and the doll. She smiled and said, ""Thank you, Ben. You are a good friend.""

Lily smiled and said, ""You're welcome, Ben. I'm glad you like it. You are my best",beam,0.9277
A pebble rolled away to find its purpose.,"The pebble was so happy and thanked the pebble for its help. From that day on, the pebble and the pebble became good friends.Once upon a time, there was a little girl named Lily. She loved to play with her toys and run around outside. One day, she found a shiny pebble on the ground. She picked it up and showed","It was a beautiful flower, just like the other pebbles. The pebble was so happy!

The pebble said, ""Thank you, friends! I love pebble.""

The moral of the story is that we should be kind to others, no matter how much you love it and be happy for what you have.Once upon a time, there was",nucleus,-0.1715
A fox discovered a frozen waterfall that could sing.,"The fox was so happy that he started to sing and dance around the lake.

The fox and the fox became best friends. They played together every day and had lots of fun. The fox was never lonely again.Once upon a time, there was a little girl named Lily. She loved to play with her toys and run around outside. One day, she found a big box in the","He was so amazed and he wanted to find out where it was.

He went around the pond and tried to jump over it, but it was too late. He had passed away the water and he was so happy to be free.

The fox was happy to have found something else to eat. He ate some bread and ate it all up. He felt so full and happy.",beam,0.2501
A gust of wind wrote a poem in the sand.,"It was so pretty!

The little girl was so excited. She ran to her mom and showed her the poem to her mom. Her mom smiled and said, ""That's a very nice poem, Lily. It's so pretty!""

Lily smiled and said, ""Thank you, mom! I love it!""Once upon a time, there was a little girl named Lily.","It made a big splash. The fish wanted to show off his poem to his friends.

The fish and his friends were happy. They liked the song. The fish was happy. They all sang a song about the race and the fish. The fish loved the song. The fish had a big smile on his face.Once upon a time, there was a boy named Tim. Tim had",beam,0.8609
A nightlight protected children from nightmares.,"One day, a little girl named Lily went to the park with her mom. They saw a big tree with lots of branches. Lily wanted to climb it, but her mom said no.

Lily was sad, but then she remembered her mom telling her to be brave. She said, ""Mom, can I climb the tree?"" Her mom smiled and said, ""Of course, Lily","She had been playing with her toys and her teddy bear. She was very happy.

The teddy bear felt better and hugged her teddy bear tight. She smiled and hugged the teddy bear tightly. She had a special friend in the world.

The moral of the story is: Be kind to others, even if you're a special friend.Once upon a time there",beam,0.1568
A book of fairy tales came to life.,"She said, â€œLetâ€™s play a game!â€

The fairy smiled and said, â€œYes!â€

The fairy smiled and said, â€œLetâ€™s play a game!â€

The fairy smiled and said, â€œYes! Letâ€™s","She had heard about a dragon's tale. She had seen a magical creature that could fly in a magical place.

The dragon was amazed by the princess's words. He wanted to join in the magical place, but he was too shy. He was sure that the princess was friendly and he was very kind.

The princess was happy she had invited him to join her in the fun",nucleus,-0.8030
A compass that only pointed toward friendship.,"""No, it's mine!"" said the voice.

The voice said, ""It's mine! I found it first!""

The voice said, ""No, it's mine! I found it first!""

The voice said, ""That's mine! Give it back!""

The voice said, ""No, it's mine! Go away!""","The rabbit was very sad and he knew he had to help the owl. He knew he had to be honest and stay with the rabbit. He knew he had to be honest and kind. 

The owl thanked the owl and said goodbye. He flew off, ready to go home. He never forgot to visit the owl and the owl thanked him for the advice.Once upon",beam,0.7057
A magician’s hat grew tired of hiding secrets.,"He had been looking for him, but he couldn't find him. 

Suddenly, he heard a loud noise. It was coming from a nearby tree. He looked up and saw a little girl with a big smile on his face. She had never seen anything like it before. 

The little girl was so excited. She had never seen anything like it before. She wanted to","He was so excited to find them and he quickly started to pick them up.

Suddenly, his brother Tom came into the room. He had never seen anything like it before. He was curious and he wanted to know more about the razor. He ran to his mom and said, ""Mommy, can I buy a razor. Can you give it to me?""

His mom smiled",beam,0.3872
A candlelight told stories to the dark.,"She said that if she wanted to go home, but her mom said no.

Lily was sad, but she knew she had to listen to her mom. So, she went to the kitchen and found a big pot of soup. She put the pot on the stove and waited for the soup to boil.

When the soup was ready, Lily put the pot on the stove.","The candle was very sad because the candle was not safe for the candle. It was very bad, but it had a bad ending.Once upon a time, there was a little girl named Lily. She loved to draw and color pictures with her crayons. One day, she decided to draw a picture of a flower. She drew a picture of a flower, a flower, and a flower",beam,0.9948
A little girl who could hear the stars breathing.,"She was so happy to see the stars twinkling in the night sky. 

The little girl was so excited to see the stars twinkling in the night sky. The stars twinkled in the night sky, and the stars twinkling in the night sky. 

The little girl was so excited to see the stars twinkling in the night sky. She","She was so happy that she ran to get her mom and dad. They waved goodbye to the little girl and ran back home.Once upon a time, there was a boy who liked to play with his toy car. He had a toy car that he liked to drive around the park. One day, he saw a big truck that had a hole in it. He wondered what was inside.",nucleus,-0.4755
A raindrop that remembered every cloud it fell from.,"It was a beautiful rainbow in the sky.

The rain stopped and the sun came out. It was a beautiful rainbow. The rainbow was so bright and beautiful.

The rainbow was so happy that the rainbow had made the rainbow shine. Everyone was so happy that the rainbow stayed in the rainbow forever.Once upon a time, there was a little girl named Lily. She loved to play","She felt like a big smile.

The rain kept falling down. Little did he know that the rain was coming down the sky, but it was too late. Little Timmy had to go to bed early. He knew that rain would be too long and he would get wet. Little Timmy was scared. He wanted to go inside but he couldn't.

The rain made Little",nucleus,-0.7196
A tiny robot who learned the meaning of hope.,"One day, the robot decided to go on an adventure.

The robot said to the robot, ""Hello, robot! Can you help me?"" The robot said, ""Yes, I can help you.""

The robot was very happy. He said, ""Thank you, robot. You are very kind.""

The robot smiled and said, ""You're welcome, little robot","He was happy that the robot was not just as old and very good. He was glad that he had helped him. He learned that sometimes things can be fun and rewarding.

The moral of the story is: It is good to be kind and helpful. We have to help others and to be kind to others. And we can also learn to be kind to others and to help you when",beam,0.4607
